<?xml version="1.0" encoding="UTF-8"?>
<objects serializationModel="Studio.01.10.00">
    <object class="Workspace" id="{b372d857-efab-4148-950e-8fc8a13ad987}">
        <relationship name="masterEventFolder">
            <destination>{30168617-d0d4-4ba3-a1f5-ff40bc369b65}</destination>
        </relationship>
        <relationship name="masterTagFolder">
            <destination>{8387b4c6-158f-461d-9064-7474dc24a8fa}</destination>
        </relationship>
        <relationship name="masterEffectPresetFolder">
            <destination>{7c8fd798-cb4d-4d88-8bcc-8a0b0d60810f}</destination>
        </relationship>
        <relationship name="masterParameterPresetFolder">
            <destination>{5e27807b-4c6d-4b77-a13a-05572f73cda1}</destination>
        </relationship>
        <relationship name="masterBankFolder">
            <destination>{71538db6-28a4-45cf-8f10-15ce1f2ffa6e}</destination>
        </relationship>
        <relationship name="masterAssetFolder">
            <destination>{105b0c0d-f5b8-46c0-8c2c-b89ceaf2ff74}</destination>
        </relationship>
        <relationship name="mixer">
            <destination>{ad6ae04a-1ebe-4c45-b71a-bde3ae993bd4}</destination>
        </relationship>
        <relationship name="platforms">
            <destination>{b75c9d94-a6a5-4f8f-8dfb-1bb404b8867f}</destination>
        </relationship>
    </object>
</objects>
