<?xml version="1.0" encoding="UTF-8"?>
<objects serializationModel="Studio.01.10.00">
    <object class="Event" id="{20affbf1-5036-484a-809a-ac15cb0f66d5}">
        <property name="name">
            <value>cmf_pick_hit</value>
        </property>
        <property name="outputFormat">
            <value>1</value>
        </property>
        <relationship name="folder">
            <destination>{d111a6da-369a-4a74-ac4c-55709c4036e1}</destination>
        </relationship>
        <relationship name="mixer">
            <destination>{4310b40f-c25f-4ff9-aae1-b513cbaf7ed6}</destination>
        </relationship>
        <relationship name="masterTrack">
            <destination>{065e4191-1e81-448f-83d7-081663f59af7}</destination>
        </relationship>
        <relationship name="mixerInput">
            <destination>{1ccf352e-5ab2-42af-a988-cc3a8f5db260}</destination>
        </relationship>
        <relationship name="automatableProperties">
            <destination>{cc59bd0b-836b-4cc2-8a5c-aad875dfd3fa}</destination>
        </relationship>
        <relationship name="markerTracks">
            <destination>{3b066aa6-d738-4f85-a6a4-4fcfeccce3eb}</destination>
        </relationship>
        <relationship name="groupTracks">
            <destination>{54ce604c-afb0-4fc4-a8f8-c5631851e38b}</destination>
        </relationship>
        <relationship name="timeline">
            <destination>{2f915cf4-3628-44e4-a469-ea27b6f873c6}</destination>
        </relationship>
    </object>
    <object class="EventMixer" id="{4310b40f-c25f-4ff9-aae1-b513cbaf7ed6}">
        <relationship name="masterBus">
            <destination>{1ff036e3-bfc5-4392-a3b5-ad0c38c7ee3d}</destination>
        </relationship>
    </object>
    <object class="MasterTrack" id="{065e4191-1e81-448f-83d7-081663f59af7}">
        <relationship name="mixerGroup">
            <destination>{1ff036e3-bfc5-4392-a3b5-ad0c38c7ee3d}</destination>
        </relationship>
    </object>
    <object class="MixerInput" id="{1ccf352e-5ab2-42af-a988-cc3a8f5db260}">
        <relationship name="effectChain">
            <destination>{8363aaf2-6d22-4802-b6d2-ee8bc0fa9eaa}</destination>
        </relationship>
        <relationship name="panner">
            <destination>{07cabe70-7a54-4d18-bee2-4a425ee586d5}</destination>
        </relationship>
        <relationship name="output">
            <destination>{7fe85a8f-b79c-4bb7-92f6-05f4599b2ee8}</destination>
        </relationship>
    </object>
    <object class="EventAutomatableProperties" id="{cc59bd0b-836b-4cc2-8a5c-aad875dfd3fa}"/>
    <object class="MarkerTrack" id="{3b066aa6-d738-4f85-a6a4-4fcfeccce3eb}"/>
    <object class="GroupTrack" id="{54ce604c-afb0-4fc4-a8f8-c5631851e38b}">
        <relationship name="modules">
            <destination>{29a603c7-9f93-43d2-9cfa-093dfd1ebb47}</destination>
        </relationship>
        <relationship name="mixerGroup">
            <destination>{4196fb71-3f41-4ec0-903a-1d436f371682}</destination>
        </relationship>
    </object>
    <object class="Timeline" id="{2f915cf4-3628-44e4-a469-ea27b6f873c6}">
        <relationship name="modules">
            <destination>{29a603c7-9f93-43d2-9cfa-093dfd1ebb47}</destination>
        </relationship>
        <relationship name="markers">
            <destination>{035c2757-6d08-4b5f-a1b7-b3b92bc4eed3}</destination>
        </relationship>
    </object>
    <object class="EventMixerMaster" id="{1ff036e3-bfc5-4392-a3b5-ad0c38c7ee3d}">
        <relationship name="effectChain">
            <destination>{6dc1cfb4-89a0-4298-a529-ea04b6455073}</destination>
        </relationship>
        <relationship name="panner">
            <destination>{4f5ee67c-573a-4fdb-a9de-7052eadc38aa}</destination>
        </relationship>
        <relationship name="mixer">
            <destination>{4310b40f-c25f-4ff9-aae1-b513cbaf7ed6}</destination>
        </relationship>
    </object>
    <object class="MixerBusEffectChain" id="{8363aaf2-6d22-4802-b6d2-ee8bc0fa9eaa}">
        <relationship name="effects">
            <destination>{3ad8c47c-e875-4288-8f72-8f80abeea475}</destination>
        </relationship>
    </object>
    <object class="MixerBusPanner" id="{07cabe70-7a54-4d18-bee2-4a425ee586d5}"/>
    <object class="SingleSound" id="{29a603c7-9f93-43d2-9cfa-093dfd1ebb47}">
        <property name="length">
            <value>3.4984255952380945</value>
        </property>
        <property name="timelockedOffset">
            <value>0.1339285714285714</value>
        </property>
        <relationship name="audioFile">
            <destination>{d4fe884c-42f5-4273-ae02-548c1685d6d3}</destination>
        </relationship>
    </object>
    <object class="EventMixerGroup" id="{4196fb71-3f41-4ec0-903a-1d436f371682}">
        <property name="volume">
            <value>-3.5</value>
        </property>
        <property name="name">
            <value>Audio 1</value>
        </property>
        <relationship name="effectChain">
            <destination>{0730f21e-8f20-4594-ac11-de6f39bcf2da}</destination>
        </relationship>
        <relationship name="panner">
            <destination>{a9043121-6556-4b6f-addd-7ad86705e1e9}</destination>
        </relationship>
        <relationship name="output">
            <destination>{1ff036e3-bfc5-4392-a3b5-ad0c38c7ee3d}</destination>
        </relationship>
    </object>
    <object class="TempoMarker" id="{035c2757-6d08-4b5f-a1b7-b3b92bc4eed3}">
        <property name="position">
            <value>0</value>
        </property>
        <property name="tempo">
            <value>140</value>
        </property>
        <relationship name="timeline">
            <destination>{2f915cf4-3628-44e4-a469-ea27b6f873c6}</destination>
        </relationship>
        <relationship name="markerTrack">
            <destination>{3b066aa6-d738-4f85-a6a4-4fcfeccce3eb}</destination>
        </relationship>
    </object>
    <object class="MixerBusEffectChain" id="{6dc1cfb4-89a0-4298-a529-ea04b6455073}">
        <relationship name="effects">
            <destination>{11c4d7ae-5923-4e12-8818-561bc43f46c9}</destination>
            <destination>{2e666a56-bfc5-4d22-9bbf-318d300f2342}</destination>
        </relationship>
    </object>
    <object class="MixerBusPanner" id="{4f5ee67c-573a-4fdb-a9de-7052eadc38aa}"/>
    <object class="MixerBusFader" id="{3ad8c47c-e875-4288-8f72-8f80abeea475}"/>
    <object class="MixerBusEffectChain" id="{0730f21e-8f20-4594-ac11-de6f39bcf2da}">
        <relationship name="effects">
            <destination>{58ee945c-ea59-4079-a4b2-d5a0fa3a9446}</destination>
        </relationship>
    </object>
    <object class="MixerBusPanner" id="{a9043121-6556-4b6f-addd-7ad86705e1e9}"/>
    <object class="MultibandEqEffect" id="{11c4d7ae-5923-4e12-8818-561bc43f46c9}">
        <property name="filterTypeA">
            <value>0</value>
        </property>
        <property name="filterTypeE">
            <value>8</value>
        </property>
        <property name="frequencyA">
            <value>7490.58887</value>
        </property>
        <property name="frequencyE">
            <value>3480.02588</value>
        </property>
        <property name="qualityA">
            <value>0.730814755</value>
        </property>
        <property name="gainE">
            <value>5.55796242</value>
        </property>
    </object>
    <object class="MixerBusFader" id="{2e666a56-bfc5-4d22-9bbf-318d300f2342}"/>
    <object class="MixerBusFader" id="{58ee945c-ea59-4079-a4b2-d5a0fa3a9446}"/>
</objects>
