<?xml version="1.0" encoding="UTF-8"?>
<objects serializationModel="Studio.01.10.00">
    <object class="Event" id="{3677e371-d16e-4a85-962d-8689475332cf}">
        <property name="name">
            <value>Parry Chords</value>
        </property>
        <property name="outputFormat">
            <value>1</value>
        </property>
        <relationship name="folder">
            <destination>{b04dde7d-79a1-4b00-b412-8f1827d3c4f6}</destination>
        </relationship>
        <relationship name="mixer">
            <destination>{a4bfe0bb-1e88-4c8e-a572-2f05a3958d27}</destination>
        </relationship>
        <relationship name="masterTrack">
            <destination>{187d2595-42d8-4fb0-b10b-9363a579299b}</destination>
        </relationship>
        <relationship name="mixerInput">
            <destination>{9ed64ab4-f34a-490b-92d9-37ffe19c05d5}</destination>
        </relationship>
        <relationship name="automatableProperties">
            <destination>{0f3fc808-9efd-4495-95a8-c520b7cb27f8}</destination>
        </relationship>
        <relationship name="markerTracks">
            <destination>{7a40db4e-cc57-43aa-ab2e-0cc83e296cbf}</destination>
            <destination>{dea00ada-6375-4d88-8792-76c760629c11}</destination>
            <destination>{e2982236-1391-4294-85b1-548fe6a99b6c}</destination>
            <destination>{7ff790d4-086a-48db-a557-abedfb0bce03}</destination>
            <destination>{cd9b79cc-1977-4987-aeb7-490309430c14}</destination>
            <destination>{c6ef35be-9e29-42da-9e28-683a76403625}</destination>
            <destination>{bcfd4839-f3d3-4448-a0f8-fef385f8a626}</destination>
        </relationship>
        <relationship name="groupTracks">
            <destination>{deb6ffb9-9e25-4275-b891-1d5cb25618ae}</destination>
            <destination>{d1ebcf34-2bc1-416b-899e-ece496ceb68e}</destination>
            <destination>{3f32c9e2-8222-42ec-be78-b127bb12d2cf}</destination>
        </relationship>
        <relationship name="timeline">
            <destination>{23246791-bdd6-42f0-8608-6b25684b8b13}</destination>
        </relationship>
        <relationship name="parameters">
            <destination>{7bae2792-182d-4581-a958-9c37c4c47382}</destination>
        </relationship>
    </object>
    <object class="EventMixer" id="{a4bfe0bb-1e88-4c8e-a572-2f05a3958d27}">
        <relationship name="masterBus">
            <destination>{8fe75a8c-3d2b-40f3-87a1-b0a1f86315f3}</destination>
        </relationship>
    </object>
    <object class="MasterTrack" id="{187d2595-42d8-4fb0-b10b-9363a579299b}">
        <relationship name="mixerGroup">
            <destination>{8fe75a8c-3d2b-40f3-87a1-b0a1f86315f3}</destination>
        </relationship>
    </object>
    <object class="MixerInput" id="{9ed64ab4-f34a-490b-92d9-37ffe19c05d5}">
        <relationship name="effectChain">
            <destination>{3a7c3818-983e-47fe-9bc2-1f4995e8c103}</destination>
        </relationship>
        <relationship name="panner">
            <destination>{d9706f05-c844-439e-805b-6043ff4f7372}</destination>
        </relationship>
        <relationship name="output">
            <destination>{7fe85a8f-b79c-4bb7-92f6-05f4599b2ee8}</destination>
        </relationship>
    </object>
    <object class="EventAutomatableProperties" id="{0f3fc808-9efd-4495-95a8-c520b7cb27f8}"/>
    <object class="MarkerTrack" id="{7a40db4e-cc57-43aa-ab2e-0cc83e296cbf}"/>
    <object class="MarkerTrack" id="{dea00ada-6375-4d88-8792-76c760629c11}"/>
    <object class="MarkerTrack" id="{e2982236-1391-4294-85b1-548fe6a99b6c}"/>
    <object class="MarkerTrack" id="{7ff790d4-086a-48db-a557-abedfb0bce03}"/>
    <object class="MarkerTrack" id="{cd9b79cc-1977-4987-aeb7-490309430c14}"/>
    <object class="MarkerTrack" id="{c6ef35be-9e29-42da-9e28-683a76403625}"/>
    <object class="MarkerTrack" id="{bcfd4839-f3d3-4448-a0f8-fef385f8a626}"/>
    <object class="GroupTrack" id="{deb6ffb9-9e25-4275-b891-1d5cb25618ae}">
        <relationship name="modules">
            <destination>{ca9a3187-720f-480c-89eb-37a77f8dd125}</destination>
            <destination>{2319635a-bf6c-46fd-bbef-46d6fc4ee2e9}</destination>
        </relationship>
        <relationship name="mixerGroup">
            <destination>{06348d9a-9b1f-4478-bab3-4acb138dc0d1}</destination>
        </relationship>
    </object>
    <object class="GroupTrack" id="{d1ebcf34-2bc1-416b-899e-ece496ceb68e}">
        <relationship name="modules">
            <destination>{c940b25d-1688-4469-89ca-bf3711220e32}</destination>
            <destination>{f0c6a9f2-48b0-4c62-9938-8bfb5619f123}</destination>
        </relationship>
        <relationship name="mixerGroup">
            <destination>{d5ca4a92-94c6-4c3b-a73d-b9f7c99ea6da}</destination>
        </relationship>
    </object>
    <object class="GroupTrack" id="{3f32c9e2-8222-42ec-be78-b127bb12d2cf}">
        <relationship name="modules">
            <destination>{d7998dc0-35ed-4908-a1f1-5c45724e55a6}</destination>
            <destination>{261c4974-b4b9-4d27-a03a-7ea5293d0f9d}</destination>
        </relationship>
        <relationship name="mixerGroup">
            <destination>{10574670-fe71-4724-a4f7-b43346468c57}</destination>
        </relationship>
    </object>
    <object class="Timeline" id="{23246791-bdd6-42f0-8608-6b25684b8b13}">
        <relationship name="modules">
            <destination>{d7998dc0-35ed-4908-a1f1-5c45724e55a6}</destination>
            <destination>{ca9a3187-720f-480c-89eb-37a77f8dd125}</destination>
            <destination>{c940b25d-1688-4469-89ca-bf3711220e32}</destination>
            <destination>{2319635a-bf6c-46fd-bbef-46d6fc4ee2e9}</destination>
            <destination>{f0c6a9f2-48b0-4c62-9938-8bfb5619f123}</destination>
            <destination>{261c4974-b4b9-4d27-a03a-7ea5293d0f9d}</destination>
        </relationship>
        <relationship name="markers">
            <destination>{211c84a4-2eb8-4cb7-bb6d-62f355c5b398}</destination>
            <destination>{ba57e7ec-0580-465f-b08e-32b674cc051a}</destination>
            <destination>{f6c5a964-c657-466f-99d7-42d048d608e0}</destination>
            <destination>{60877e52-d04e-473d-a918-38182b269ec9}</destination>
            <destination>{e1d9e3a9-2be3-4ed7-826b-c6cad6f0260b}</destination>
            <destination>{bd514c9c-e9d5-4664-984b-015a69894669}</destination>
            <destination>{8ab28aed-caec-47e9-a788-728e36069c6b}</destination>
            <destination>{6a2f0d65-4fe0-450e-afec-4c5c420182c3}</destination>
            <destination>{af66d1d7-1308-45f5-a6ce-848751e71493}</destination>
            <destination>{aae0552c-4aad-461a-8332-4ba0828f4ee5}</destination>
            <destination>{d3a34a83-721d-4d33-91de-adec959eaacd}</destination>
        </relationship>
    </object>
    <object class="ParameterProxy" id="{7bae2792-182d-4581-a958-9c37c4c47382}">
        <relationship name="preset">
            <destination>{97e4d6cd-d650-4f63-a9b7-341f1eea940f}</destination>
        </relationship>
    </object>
    <object class="EventMixerMaster" id="{8fe75a8c-3d2b-40f3-87a1-b0a1f86315f3}">
        <relationship name="effectChain">
            <destination>{5bb6bc11-15b5-45a7-91ea-fcdb5659ec58}</destination>
        </relationship>
        <relationship name="panner">
            <destination>{d3a0b4c8-c780-4469-a8af-cb0b05730a23}</destination>
        </relationship>
        <relationship name="mixer">
            <destination>{a4bfe0bb-1e88-4c8e-a572-2f05a3958d27}</destination>
        </relationship>
    </object>
    <object class="MixerBusEffectChain" id="{3a7c3818-983e-47fe-9bc2-1f4995e8c103}">
        <relationship name="effects">
            <destination>{a2c1f688-11b3-4dcf-85b9-008ff861b239}</destination>
        </relationship>
    </object>
    <object class="MixerBusPanner" id="{d9706f05-c844-439e-805b-6043ff4f7372}"/>
    <object class="SingleSound" id="{ca9a3187-720f-480c-89eb-37a77f8dd125}">
        <property name="isAsync">
            <value>true</value>
        </property>
        <property name="start">
            <value>1.9909616266670755</value>
        </property>
        <property name="length">
            <value>0.25903837333292445</value>
        </property>
        <relationship name="audioFile">
            <destination>{578637a5-bd66-481a-9131-1ccaaf1f06d3}</destination>
        </relationship>
    </object>
    <object class="SingleSound" id="{2319635a-bf6c-46fd-bbef-46d6fc4ee2e9}">
        <property name="isAsync">
            <value>true</value>
        </property>
        <property name="start">
            <value>8</value>
        </property>
        <property name="length">
            <value>0.125</value>
        </property>
        <relationship name="audioFile">
            <destination>{36b8f3b5-b158-4de8-9ee4-543e0b763e8d}</destination>
        </relationship>
    </object>
    <object class="EventMixerGroup" id="{06348d9a-9b1f-4478-bab3-4acb138dc0d1}">
        <property name="name">
            <value>Audio 2</value>
        </property>
        <relationship name="effectChain">
            <destination>{d26510ba-0395-40ce-9a76-a6c60e6bd859}</destination>
        </relationship>
        <relationship name="panner">
            <destination>{b58c81ef-4ac1-4bde-be6d-446407fea851}</destination>
        </relationship>
        <relationship name="output">
            <destination>{8fe75a8c-3d2b-40f3-87a1-b0a1f86315f3}</destination>
        </relationship>
    </object>
    <object class="SingleSound" id="{c940b25d-1688-4469-89ca-bf3711220e32}">
        <property name="isAsync">
            <value>true</value>
        </property>
        <property name="start">
            <value>1.9909616266670755</value>
        </property>
        <property name="length">
            <value>0.25903837333292445</value>
        </property>
        <relationship name="audioFile">
            <destination>{ece9d976-deb6-41c4-bfcc-b834484586a1}</destination>
        </relationship>
    </object>
    <object class="SingleSound" id="{f0c6a9f2-48b0-4c62-9938-8bfb5619f123}">
        <property name="isAsync">
            <value>true</value>
        </property>
        <property name="start">
            <value>8</value>
        </property>
        <property name="length">
            <value>0.125</value>
        </property>
        <relationship name="audioFile">
            <destination>{24bd54f5-6095-4389-8b10-edbaee695b05}</destination>
        </relationship>
    </object>
    <object class="EventMixerGroup" id="{d5ca4a92-94c6-4c3b-a73d-b9f7c99ea6da}">
        <property name="name">
            <value>Audio 3</value>
        </property>
        <relationship name="effectChain">
            <destination>{8d8d58f9-eb79-410d-a6e2-d51768f06eb4}</destination>
        </relationship>
        <relationship name="panner">
            <destination>{d082c5cf-19fc-41c8-98e2-230df3ac3066}</destination>
        </relationship>
        <relationship name="output">
            <destination>{8fe75a8c-3d2b-40f3-87a1-b0a1f86315f3}</destination>
        </relationship>
    </object>
    <object class="SingleSound" id="{d7998dc0-35ed-4908-a1f1-5c45724e55a6}">
        <property name="isAsync">
            <value>true</value>
        </property>
        <property name="start">
            <value>1.9909616266670755</value>
        </property>
        <property name="length">
            <value>0.25903837333292445</value>
        </property>
        <relationship name="audioFile">
            <destination>{24bd54f5-6095-4389-8b10-edbaee695b05}</destination>
        </relationship>
    </object>
    <object class="SingleSound" id="{261c4974-b4b9-4d27-a03a-7ea5293d0f9d}">
        <property name="isAsync">
            <value>true</value>
        </property>
        <property name="start">
            <value>8</value>
        </property>
        <property name="length">
            <value>0.125</value>
        </property>
        <relationship name="audioFile">
            <destination>{578637a5-bd66-481a-9131-1ccaaf1f06d3}</destination>
        </relationship>
    </object>
    <object class="EventMixerGroup" id="{10574670-fe71-4724-a4f7-b43346468c57}">
        <property name="name">
            <value>Audio 1</value>
        </property>
        <relationship name="effectChain">
            <destination>{0a2df7f4-0299-4117-b87f-43f4f8fa28cb}</destination>
        </relationship>
        <relationship name="panner">
            <destination>{a6786086-a681-48be-aa67-d78f86d1d7ed}</destination>
        </relationship>
        <relationship name="output">
            <destination>{8fe75a8c-3d2b-40f3-87a1-b0a1f86315f3}</destination>
        </relationship>
    </object>
    <object class="NamedMarker" id="{211c84a4-2eb8-4cb7-bb6d-62f355c5b398}">
        <property name="position">
            <value>1.9909616266670755</value>
        </property>
        <property name="name">
            <value>Am</value>
        </property>
        <relationship name="timeline">
            <destination>{23246791-bdd6-42f0-8608-6b25684b8b13}</destination>
        </relationship>
        <relationship name="markerTrack">
            <destination>{c6ef35be-9e29-42da-9e28-683a76403625}</destination>
        </relationship>
    </object>
    <object class="NamedMarker" id="{ba57e7ec-0580-465f-b08e-32b674cc051a}">
        <property name="position">
            <value>8</value>
        </property>
        <property name="name">
            <value>F</value>
        </property>
        <relationship name="timeline">
            <destination>{23246791-bdd6-42f0-8608-6b25684b8b13}</destination>
        </relationship>
        <relationship name="markerTrack">
            <destination>{c6ef35be-9e29-42da-9e28-683a76403625}</destination>
        </relationship>
    </object>
    <object class="LoopRegion" id="{f6c5a964-c657-466f-99d7-42d048d608e0}">
        <property name="position">
            <value>0</value>
        </property>
        <property name="length">
            <value>0.5</value>
        </property>
        <relationship name="timeline">
            <destination>{23246791-bdd6-42f0-8608-6b25684b8b13}</destination>
        </relationship>
        <relationship name="markerTrack">
            <destination>{c6ef35be-9e29-42da-9e28-683a76403625}</destination>
        </relationship>
    </object>
    <object class="TransitionRegion" id="{60877e52-d04e-473d-a918-38182b269ec9}">
        <property name="position">
            <value>3.125</value>
        </property>
        <property name="length">
            <value>5.8222995370676998</value>
        </property>
        <relationship name="triggerConditions">
            <destination>{81619635-341f-4fdc-af27-e008b723f2c4}</destination>
        </relationship>
        <relationship name="destination">
            <destination>{211c84a4-2eb8-4cb7-bb6d-62f355c5b398}</destination>
        </relationship>
        <relationship name="timeline">
            <destination>{23246791-bdd6-42f0-8608-6b25684b8b13}</destination>
        </relationship>
        <relationship name="markerTrack">
            <destination>{cd9b79cc-1977-4987-aeb7-490309430c14}</destination>
        </relationship>
    </object>
    <object class="LoopRegion" id="{e1d9e3a9-2be3-4ed7-826b-c6cad6f0260b}">
        <property name="position">
            <value>2.5</value>
        </property>
        <property name="length">
            <value>0.5</value>
        </property>
        <relationship name="timeline">
            <destination>{23246791-bdd6-42f0-8608-6b25684b8b13}</destination>
        </relationship>
        <relationship name="markerTrack">
            <destination>{c6ef35be-9e29-42da-9e28-683a76403625}</destination>
        </relationship>
    </object>
    <object class="TransitionRegion" id="{bd514c9c-e9d5-4664-984b-015a69894669}">
        <property name="position">
            <value>0</value>
        </property>
        <property name="length">
            <value>0.5</value>
        </property>
        <relationship name="triggerConditions">
            <destination>{8afb5dfc-104e-4eff-82f5-12f3d48f64c3}</destination>
        </relationship>
        <relationship name="destination">
            <destination>{211c84a4-2eb8-4cb7-bb6d-62f355c5b398}</destination>
        </relationship>
        <relationship name="timeline">
            <destination>{23246791-bdd6-42f0-8608-6b25684b8b13}</destination>
        </relationship>
        <relationship name="markerTrack">
            <destination>{cd9b79cc-1977-4987-aeb7-490309430c14}</destination>
        </relationship>
    </object>
    <object class="NamedMarker" id="{8ab28aed-caec-47e9-a788-728e36069c6b}">
        <property name="position">
            <value>0</value>
        </property>
        <property name="name">
            <value>Start</value>
        </property>
        <relationship name="timeline">
            <destination>{23246791-bdd6-42f0-8608-6b25684b8b13}</destination>
        </relationship>
        <relationship name="markerTrack">
            <destination>{bcfd4839-f3d3-4448-a0f8-fef385f8a626}</destination>
        </relationship>
    </object>
    <object class="TransitionRegion" id="{6a2f0d65-4fe0-450e-afec-4c5c420182c3}">
        <property name="position">
            <value>0.73748308525033823</value>
        </property>
        <property name="length">
            <value>9.2625169147496624</value>
        </property>
        <relationship name="triggerConditions">
            <destination>{abefd7d6-2d64-45f2-a347-4baa0302a60d}</destination>
        </relationship>
        <relationship name="destination">
            <destination>{8ab28aed-caec-47e9-a788-728e36069c6b}</destination>
        </relationship>
        <relationship name="timeline">
            <destination>{23246791-bdd6-42f0-8608-6b25684b8b13}</destination>
        </relationship>
        <relationship name="markerTrack">
            <destination>{7a40db4e-cc57-43aa-ab2e-0cc83e296cbf}</destination>
        </relationship>
    </object>
    <object class="TransitionRegion" id="{af66d1d7-1308-45f5-a6ce-848751e71493}">
        <property name="position">
            <value>0</value>
        </property>
        <property name="length">
            <value>0.5</value>
        </property>
        <relationship name="triggerConditions">
            <destination>{2e753df2-a01b-4531-9029-e095e181ac4c}</destination>
        </relationship>
        <relationship name="destination">
            <destination>{ba57e7ec-0580-465f-b08e-32b674cc051a}</destination>
        </relationship>
        <relationship name="timeline">
            <destination>{23246791-bdd6-42f0-8608-6b25684b8b13}</destination>
        </relationship>
        <relationship name="markerTrack">
            <destination>{7ff790d4-086a-48db-a557-abedfb0bce03}</destination>
        </relationship>
    </object>
    <object class="TransitionRegion" id="{aae0552c-4aad-461a-8332-4ba0828f4ee5}">
        <property name="position">
            <value>1.9909616266670755</value>
        </property>
        <property name="length">
            <value>5.8376184032476308</value>
        </property>
        <relationship name="triggerConditions">
            <destination>{2a7e0650-a8e1-45ac-99d6-af23682ae49c}</destination>
        </relationship>
        <relationship name="destination">
            <destination>{ba57e7ec-0580-465f-b08e-32b674cc051a}</destination>
        </relationship>
        <relationship name="timeline">
            <destination>{23246791-bdd6-42f0-8608-6b25684b8b13}</destination>
        </relationship>
        <relationship name="markerTrack">
            <destination>{7ff790d4-086a-48db-a557-abedfb0bce03}</destination>
        </relationship>
    </object>
    <object class="LoopRegion" id="{d3a34a83-721d-4d33-91de-adec959eaacd}">
        <property name="position">
            <value>8.5</value>
        </property>
        <property name="length">
            <value>0.5</value>
        </property>
        <relationship name="timeline">
            <destination>{23246791-bdd6-42f0-8608-6b25684b8b13}</destination>
        </relationship>
        <relationship name="markerTrack">
            <destination>{c6ef35be-9e29-42da-9e28-683a76403625}</destination>
        </relationship>
    </object>
    <object class="MixerBusEffectChain" id="{5bb6bc11-15b5-45a7-91ea-fcdb5659ec58}">
        <relationship name="effects">
            <destination>{de9626ce-0739-4bd3-9114-858ac06bdbf5}</destination>
        </relationship>
    </object>
    <object class="MixerBusPanner" id="{d3a0b4c8-c780-4469-a8af-cb0b05730a23}"/>
    <object class="MixerBusFader" id="{a2c1f688-11b3-4dcf-85b9-008ff861b239}"/>
    <object class="MixerBusEffectChain" id="{d26510ba-0395-40ce-9a76-a6c60e6bd859}">
        <relationship name="effects">
            <destination>{d8a5ba43-12b9-4a20-9e36-7f7046dedf83}</destination>
        </relationship>
    </object>
    <object class="MixerBusPanner" id="{b58c81ef-4ac1-4bde-be6d-446407fea851}"/>
    <object class="MixerBusEffectChain" id="{8d8d58f9-eb79-410d-a6e2-d51768f06eb4}">
        <relationship name="effects">
            <destination>{63758833-236d-4b28-b9c1-172e0455885a}</destination>
        </relationship>
    </object>
    <object class="MixerBusPanner" id="{d082c5cf-19fc-41c8-98e2-230df3ac3066}"/>
    <object class="MixerBusEffectChain" id="{0a2df7f4-0299-4117-b87f-43f4f8fa28cb}">
        <relationship name="effects">
            <destination>{6082c908-5c86-483c-882e-5ccd3b59f266}</destination>
        </relationship>
    </object>
    <object class="MixerBusPanner" id="{a6786086-a681-48be-aa67-d78f86d1d7ed}"/>
    <object class="ParameterCondition" id="{81619635-341f-4fdc-af27-e008b723f2c4}">
        <property name="minimum">
            <value>1</value>
        </property>
        <property name="maximum">
            <value>1</value>
        </property>
        <relationship name="parameter">
            <destination>{97e4d6cd-d650-4f63-a9b7-341f1eea940f}</destination>
        </relationship>
    </object>
    <object class="ParameterCondition" id="{8afb5dfc-104e-4eff-82f5-12f3d48f64c3}">
        <property name="minimum">
            <value>1</value>
        </property>
        <property name="maximum">
            <value>1</value>
        </property>
        <relationship name="parameter">
            <destination>{97e4d6cd-d650-4f63-a9b7-341f1eea940f}</destination>
        </relationship>
    </object>
    <object class="ParameterCondition" id="{abefd7d6-2d64-45f2-a347-4baa0302a60d}">
        <property name="minimum">
            <value>0</value>
        </property>
        <property name="maximum">
            <value>0</value>
        </property>
        <relationship name="parameter">
            <destination>{97e4d6cd-d650-4f63-a9b7-341f1eea940f}</destination>
        </relationship>
    </object>
    <object class="ParameterCondition" id="{2e753df2-a01b-4531-9029-e095e181ac4c}">
        <property name="minimum">
            <value>2</value>
        </property>
        <property name="maximum">
            <value>2</value>
        </property>
        <relationship name="parameter">
            <destination>{97e4d6cd-d650-4f63-a9b7-341f1eea940f}</destination>
        </relationship>
    </object>
    <object class="ParameterCondition" id="{2a7e0650-a8e1-45ac-99d6-af23682ae49c}">
        <property name="minimum">
            <value>2</value>
        </property>
        <property name="maximum">
            <value>2</value>
        </property>
        <relationship name="parameter">
            <destination>{97e4d6cd-d650-4f63-a9b7-341f1eea940f}</destination>
        </relationship>
    </object>
    <object class="MixerBusFader" id="{de9626ce-0739-4bd3-9114-858ac06bdbf5}"/>
    <object class="MixerBusFader" id="{d8a5ba43-12b9-4a20-9e36-7f7046dedf83}"/>
    <object class="MixerBusFader" id="{63758833-236d-4b28-b9c1-172e0455885a}"/>
    <object class="MixerBusFader" id="{6082c908-5c86-483c-882e-5ccd3b59f266}"/>
</objects>
