<?xml version="1.0" encoding="UTF-8"?>
<objects serializationModel="Studio.01.10.00">
    <object class="Event" id="{cbcc5dd3-f13b-4555-9be3-154bfad6a16e}">
        <property name="name">
            <value>cmf_pick_intro</value>
        </property>
        <property name="outputFormat">
            <value>1</value>
        </property>
        <relationship name="folder">
            <destination>{d111a6da-369a-4a74-ac4c-55709c4036e1}</destination>
        </relationship>
        <relationship name="mixer">
            <destination>{c5b4e261-3d6f-407d-871a-d318c9987374}</destination>
        </relationship>
        <relationship name="masterTrack">
            <destination>{bd5ba865-f4ac-4076-920d-4c3174727f06}</destination>
        </relationship>
        <relationship name="mixerInput">
            <destination>{16d75869-84d7-4243-9e4f-36a0df4b8de1}</destination>
        </relationship>
        <relationship name="automatableProperties">
            <destination>{8bfa5029-bbe4-492b-b5b8-457ca456017c}</destination>
        </relationship>
        <relationship name="markerTracks">
            <destination>{84b9d1e6-79b2-43aa-8946-f1d315c2663f}</destination>
            <destination>{cc735cab-966a-4e6f-9628-0462499d5bc2}</destination>
            <destination>{fc466827-dcf2-45a3-8e38-92cc38340c26}</destination>
        </relationship>
        <relationship name="groupTracks">
            <destination>{2a2f8dae-6154-49d6-b5f1-a6d669622d13}</destination>
        </relationship>
        <relationship name="timeline">
            <destination>{0509a852-80d5-4343-9c6c-c3dc256c78c1}</destination>
        </relationship>
    </object>
    <object class="EventMixer" id="{c5b4e261-3d6f-407d-871a-d318c9987374}">
        <relationship name="masterBus">
            <destination>{7f24fa95-5902-4b43-892e-12c90798b533}</destination>
        </relationship>
    </object>
    <object class="MasterTrack" id="{bd5ba865-f4ac-4076-920d-4c3174727f06}">
        <relationship name="mixerGroup">
            <destination>{7f24fa95-5902-4b43-892e-12c90798b533}</destination>
        </relationship>
    </object>
    <object class="MixerInput" id="{16d75869-84d7-4243-9e4f-36a0df4b8de1}">
        <relationship name="effectChain">
            <destination>{a794f91f-93a0-4108-a091-178bf74d6da5}</destination>
        </relationship>
        <relationship name="panner">
            <destination>{19eb1fef-d4f8-4f1c-a868-080da1515e18}</destination>
        </relationship>
        <relationship name="output">
            <destination>{7fe85a8f-b79c-4bb7-92f6-05f4599b2ee8}</destination>
        </relationship>
    </object>
    <object class="EventAutomatableProperties" id="{8bfa5029-bbe4-492b-b5b8-457ca456017c}"/>
    <object class="MarkerTrack" id="{84b9d1e6-79b2-43aa-8946-f1d315c2663f}"/>
    <object class="MarkerTrack" id="{cc735cab-966a-4e6f-9628-0462499d5bc2}"/>
    <object class="MarkerTrack" id="{fc466827-dcf2-45a3-8e38-92cc38340c26}"/>
    <object class="GroupTrack" id="{2a2f8dae-6154-49d6-b5f1-a6d669622d13}">
        <relationship name="modules">
            <destination>{64c4a735-d3ad-43ad-a3c3-f56ca4350232}</destination>
        </relationship>
        <relationship name="mixerGroup">
            <destination>{ff58df9d-6a69-499b-be16-3fa25b72b81c}</destination>
        </relationship>
    </object>
    <object class="Timeline" id="{0509a852-80d5-4343-9c6c-c3dc256c78c1}">
        <relationship name="modules">
            <destination>{64c4a735-d3ad-43ad-a3c3-f56ca4350232}</destination>
        </relationship>
        <relationship name="markers">
            <destination>{28871cd2-5fea-4ec9-998a-1d7745942a64}</destination>
            <destination>{73eb75fe-2d49-4a99-8357-4cacc822dc19}</destination>
            <destination>{63cfd81c-9328-41fe-a352-dd4d568bb079}</destination>
            <destination>{b5379263-9c0e-48af-ae15-748dea5a7dd9}</destination>
            <destination>{8604bf2e-59d5-4fb1-a59b-7a92ab7c6ca7}</destination>
            <destination>{9aa2f50e-bfce-4842-a1b8-ee316be0b780}</destination>
        </relationship>
    </object>
    <object class="EventMixerMaster" id="{7f24fa95-5902-4b43-892e-12c90798b533}">
        <relationship name="effectChain">
            <destination>{9066608b-4582-4843-8105-4e7d3aaaf309}</destination>
        </relationship>
        <relationship name="panner">
            <destination>{266360f9-5fa6-4500-b268-9f6a7e2b4a64}</destination>
        </relationship>
        <relationship name="mixer">
            <destination>{c5b4e261-3d6f-407d-871a-d318c9987374}</destination>
        </relationship>
    </object>
    <object class="MixerBusEffectChain" id="{a794f91f-93a0-4108-a091-178bf74d6da5}">
        <relationship name="effects">
            <destination>{06373939-dafd-42c3-927f-c694d68993a7}</destination>
        </relationship>
    </object>
    <object class="MixerBusPanner" id="{19eb1fef-d4f8-4f1c-a868-080da1515e18}"/>
    <object class="SingleSound" id="{64c4a735-d3ad-43ad-a3c3-f56ca4350232}">
        <property name="length">
            <value>30.857142857142858</value>
        </property>
        <relationship name="audioFile">
            <destination>{0dec82ca-ec75-4115-b7f9-b77eb835259b}</destination>
        </relationship>
    </object>
    <object class="EventMixerGroup" id="{ff58df9d-6a69-499b-be16-3fa25b72b81c}">
        <property name="name">
            <value>Intro</value>
        </property>
        <relationship name="effectChain">
            <destination>{6a488f60-a681-46e8-ac27-0e17cdbb4c07}</destination>
        </relationship>
        <relationship name="panner">
            <destination>{9f44fc68-dd37-44ee-b033-0a23c2716e52}</destination>
        </relationship>
        <relationship name="output">
            <destination>{7f24fa95-5902-4b43-892e-12c90798b533}</destination>
        </relationship>
    </object>
    <object class="TempoMarker" id="{28871cd2-5fea-4ec9-998a-1d7745942a64}">
        <property name="position">
            <value>0</value>
        </property>
        <property name="tempo">
            <value>140</value>
        </property>
        <relationship name="timeline">
            <destination>{0509a852-80d5-4343-9c6c-c3dc256c78c1}</destination>
        </relationship>
        <relationship name="markerTrack">
            <destination>{fc466827-dcf2-45a3-8e38-92cc38340c26}</destination>
        </relationship>
    </object>
    <object class="LoopRegion" id="{73eb75fe-2d49-4a99-8357-4cacc822dc19}">
        <property name="position">
            <value>17.142857142857142</value>
        </property>
        <property name="length">
            <value>13.714285714285715</value>
        </property>
        <relationship name="timeline">
            <destination>{0509a852-80d5-4343-9c6c-c3dc256c78c1}</destination>
        </relationship>
        <relationship name="markerTrack">
            <destination>{fc466827-dcf2-45a3-8e38-92cc38340c26}</destination>
        </relationship>
    </object>
    <object class="NamedMarker" id="{63cfd81c-9328-41fe-a352-dd4d568bb079}">
        <property name="position">
            <value>8</value>
        </property>
        <property name="name">
            <value>61,65,70</value>
        </property>
        <relationship name="timeline">
            <destination>{0509a852-80d5-4343-9c6c-c3dc256c78c1}</destination>
        </relationship>
        <relationship name="markerTrack">
            <destination>{fc466827-dcf2-45a3-8e38-92cc38340c26}</destination>
        </relationship>
    </object>
    <object class="NamedMarker" id="{b5379263-9c0e-48af-ae15-748dea5a7dd9}">
        <property name="position">
            <value>10</value>
        </property>
        <property name="name">
            <value>70</value>
        </property>
        <relationship name="timeline">
            <destination>{0509a852-80d5-4343-9c6c-c3dc256c78c1}</destination>
        </relationship>
        <relationship name="markerTrack">
            <destination>{fc466827-dcf2-45a3-8e38-92cc38340c26}</destination>
        </relationship>
    </object>
    <object class="NamedMarker" id="{8604bf2e-59d5-4fb1-a59b-7a92ab7c6ca7}">
        <property name="position">
            <value>10</value>
        </property>
        <property name="name">
            <value>61</value>
        </property>
        <relationship name="timeline">
            <destination>{0509a852-80d5-4343-9c6c-c3dc256c78c1}</destination>
        </relationship>
        <relationship name="markerTrack">
            <destination>{84b9d1e6-79b2-43aa-8946-f1d315c2663f}</destination>
        </relationship>
    </object>
    <object class="NamedMarker" id="{9aa2f50e-bfce-4842-a1b8-ee316be0b780}">
        <property name="position">
            <value>10</value>
        </property>
        <property name="name">
            <value>65</value>
        </property>
        <relationship name="timeline">
            <destination>{0509a852-80d5-4343-9c6c-c3dc256c78c1}</destination>
        </relationship>
        <relationship name="markerTrack">
            <destination>{cc735cab-966a-4e6f-9628-0462499d5bc2}</destination>
        </relationship>
    </object>
    <object class="MixerBusEffectChain" id="{9066608b-4582-4843-8105-4e7d3aaaf309}">
        <relationship name="effects">
            <destination>{85f689f5-ab80-41cb-8f5b-d0aeba5ab33e}</destination>
        </relationship>
    </object>
    <object class="MixerBusPanner" id="{266360f9-5fa6-4500-b268-9f6a7e2b4a64}"/>
    <object class="MixerBusFader" id="{06373939-dafd-42c3-927f-c694d68993a7}"/>
    <object class="MixerBusEffectChain" id="{6a488f60-a681-46e8-ac27-0e17cdbb4c07}">
        <relationship name="effects">
            <destination>{57dc33a3-3401-470e-984e-1850b6c89040}</destination>
        </relationship>
    </object>
    <object class="MixerBusPanner" id="{9f44fc68-dd37-44ee-b033-0a23c2716e52}"/>
    <object class="MixerBusFader" id="{85f689f5-ab80-41cb-8f5b-d0aeba5ab33e}"/>
    <object class="MixerBusFader" id="{57dc33a3-3401-470e-984e-1850b6c89040}"/>
</objects>
