<?xml version="1.0" encoding="UTF-8"?>
<objects serializationModel="Studio.01.10.00">
    <object class="AudioFile" id="{1ce0eb2f-ff0f-4ee4-b8c5-b308182c9bc3}">
        <property name="assetPath">
            <value>SFX/Melody Attack-Parry/parry_melody_F#Gb.wav</value>
        </property>
        <property name="frequencyInKHz">
            <value>44.0999985</value>
        </property>
        <property name="channelCount">
            <value>2</value>
        </property>
        <property name="length">
            <value>2</value>
        </property>
        <relationship name="masterAssetFolder">
            <destination>{105b0c0d-f5b8-46c0-8c2c-b89ceaf2ff74}</destination>
        </relationship>
    </object>
</objects>
