<?xml version="1.0" encoding="UTF-8"?>
<objects serializationModel="Studio.01.10.00">
    <object class="AudioFile" id="{328477fc-34ee-4822-af50-f26537e52154}">
        <property name="assetPath">
            <value>SFX/Melody Attack-Parry/attack_melody_G.wav</value>
        </property>
        <property name="frequencyInKHz">
            <value>44.0999985</value>
        </property>
        <property name="channelCount">
            <value>2</value>
        </property>
        <property name="length">
            <value>1.5</value>
        </property>
        <relationship name="masterAssetFolder">
            <destination>{105b0c0d-f5b8-46c0-8c2c-b89ceaf2ff74}</destination>
        </relationship>
    </object>
</objects>
