<?xml version="1.0" encoding="UTF-8"?>
<objects serializationModel="Studio.01.10.00">
    <object class="AudioFile" id="{d4fe884c-42f5-4273-ae02-548c1685d6d3}">
        <property name="assetPath">
            <value>GDYN - ETS2 - Pummel.wav</value>
        </property>
        <property name="frequencyInKHz">
            <value>48</value>
        </property>
        <property name="channelCount">
            <value>2</value>
        </property>
        <property name="length">
            <value>3.6323541666666666</value>
        </property>
        <relationship name="masterAssetFolder">
            <destination>{105b0c0d-f5b8-46c0-8c2c-b89ceaf2ff74}</destination>
        </relationship>
    </object>
</objects>
