<?xml version="1.0" encoding="UTF-8"?>
<objects serializationModel="Studio.01.10.00">
    <object class="ProfilerSession" id="{a4e53ad2-ae64-4d44-a21f-b6141626ef57}">
        <property name="name">
            <value>New Session</value>
        </property>
        <property name="outputFormat">
            <value>0</value>
        </property>
        <relationship name="folder">
            <destination>{8e975100-84c6-4d20-8531-aa3ca045389f}</destination>
        </relationship>
        <relationship name="mixer">
            <destination>{14f3f8d6-97ea-4f59-a75a-50be9bffa29c}</destination>
        </relationship>
        <relationship name="masterTrack">
            <destination>{a9f5cddd-8a10-4492-9411-a5c28b159471}</destination>
        </relationship>
        <relationship name="automatableProperties">
            <destination>{5a361462-b518-4fac-b823-7e9a21cd40c6}</destination>
        </relationship>
        <relationship name="markerTracks">
            <destination>{77c793f4-db6d-416c-95f8-ae0684fd12da}</destination>
        </relationship>
        <relationship name="timeline">
            <destination>{0dff3afd-504e-4655-a661-9232f3b615dc}</destination>
        </relationship>
        <relationship name="profilerTracks">
            <destination>{96c6e21b-aade-4ea5-b462-5f56631ccee5}</destination>
        </relationship>
        <relationship name="profilerSystemTrack">
            <destination>{20cdb77f-9211-40ab-9104-ef993fe8f2e7}</destination>
        </relationship>
    </object>
    <object class="EventMixer" id="{14f3f8d6-97ea-4f59-a75a-50be9bffa29c}">
        <relationship name="masterBus">
            <destination>{34b8eec3-d7d7-4ce1-a3a5-4b0ac6d497c8}</destination>
        </relationship>
    </object>
    <object class="MasterTrack" id="{a9f5cddd-8a10-4492-9411-a5c28b159471}">
        <relationship name="mixerGroup">
            <destination>{34b8eec3-d7d7-4ce1-a3a5-4b0ac6d497c8}</destination>
        </relationship>
    </object>
    <object class="EventAutomatableProperties" id="{5a361462-b518-4fac-b823-7e9a21cd40c6}"/>
    <object class="MarkerTrack" id="{77c793f4-db6d-416c-95f8-ae0684fd12da}"/>
    <object class="Timeline" id="{0dff3afd-504e-4655-a661-9232f3b615dc}"/>
    <object class="ProfilerTrack" id="{96c6e21b-aade-4ea5-b462-5f56631ccee5}">
        <relationship name="mixerStrip">
            <destination>{7fe85a8f-b79c-4bb7-92f6-05f4599b2ee8}</destination>
        </relationship>
    </object>
    <object class="ProfilerSystemTrack" id="{20cdb77f-9211-40ab-9104-ef993fe8f2e7}">
        <relationship name="automationTracks">
            <destination>{8a2631fd-9b78-4f9d-a17a-9906100881e5}</destination>
            <destination>{f152b512-9334-4caf-969d-817ffc235c12}</destination>
            <destination>{27445fcc-ff20-4505-b987-1079c480abba}</destination>
            <destination>{c5497549-1a1d-4d2a-a729-e92c7820943f}</destination>
            <destination>{a0cf523f-9864-40dd-827e-c5bbd5a612b9}</destination>
            <destination>{2006485e-2057-48ef-8cc9-e4646152e326}</destination>
            <destination>{b5d96956-a497-4679-81f9-05e7b416e3b2}</destination>
            <destination>{8876ce87-6f07-4372-a999-fe03b83a6504}</destination>
        </relationship>
        <relationship name="mixerStrip">
            <destination>{7fe85a8f-b79c-4bb7-92f6-05f4599b2ee8}</destination>
        </relationship>
    </object>
    <object class="EventMixerMaster" id="{34b8eec3-d7d7-4ce1-a3a5-4b0ac6d497c8}">
        <property name="name">
            <value>Capture</value>
        </property>
        <relationship name="effectChain">
            <destination>{52ed9a52-60f9-429c-94c4-b87993a0a359}</destination>
        </relationship>
        <relationship name="panner">
            <destination>{a8230b59-6d2d-42be-b110-77ed5ede744e}</destination>
        </relationship>
        <relationship name="mixer">
            <destination>{14f3f8d6-97ea-4f59-a75a-50be9bffa29c}</destination>
        </relationship>
    </object>
    <object class="ProfilerGraph" id="{8a2631fd-9b78-4f9d-a17a-9906100881e5}">
        <property name="graphType">
            <value>10</value>
        </property>
        <relationship name="objectBeingGraphed">
            <destination>{7fe85a8f-b79c-4bb7-92f6-05f4599b2ee8}</destination>
        </relationship>
    </object>
    <object class="ProfilerGraph" id="{f152b512-9334-4caf-969d-817ffc235c12}">
        <property name="graphType">
            <value>0</value>
        </property>
        <relationship name="objectBeingGraphed">
            <destination>{7fe85a8f-b79c-4bb7-92f6-05f4599b2ee8}</destination>
        </relationship>
    </object>
    <object class="ProfilerGraph" id="{27445fcc-ff20-4505-b987-1079c480abba}">
        <property name="graphType">
            <value>9</value>
        </property>
        <relationship name="objectBeingGraphed">
            <destination>{7fe85a8f-b79c-4bb7-92f6-05f4599b2ee8}</destination>
        </relationship>
    </object>
    <object class="ProfilerGraph" id="{c5497549-1a1d-4d2a-a729-e92c7820943f}">
        <property name="graphType">
            <value>1</value>
        </property>
        <relationship name="objectBeingGraphed">
            <destination>{7fe85a8f-b79c-4bb7-92f6-05f4599b2ee8}</destination>
        </relationship>
    </object>
    <object class="ProfilerGraph" id="{a0cf523f-9864-40dd-827e-c5bbd5a612b9}">
        <property name="graphType">
            <value>8</value>
        </property>
        <relationship name="objectBeingGraphed">
            <destination>{7fe85a8f-b79c-4bb7-92f6-05f4599b2ee8}</destination>
        </relationship>
    </object>
    <object class="ProfilerGraph" id="{2006485e-2057-48ef-8cc9-e4646152e326}">
        <property name="graphType">
            <value>2</value>
        </property>
        <relationship name="objectBeingGraphed">
            <destination>{7fe85a8f-b79c-4bb7-92f6-05f4599b2ee8}</destination>
        </relationship>
    </object>
    <object class="ProfilerGraph" id="{b5d96956-a497-4679-81f9-05e7b416e3b2}">
        <property name="graphType">
            <value>3</value>
        </property>
        <relationship name="objectBeingGraphed">
            <destination>{7fe85a8f-b79c-4bb7-92f6-05f4599b2ee8}</destination>
        </relationship>
    </object>
    <object class="ProfilerGraph" id="{8876ce87-6f07-4372-a999-fe03b83a6504}">
        <property name="graphType">
            <value>4</value>
        </property>
        <relationship name="objectBeingGraphed">
            <destination>{7fe85a8f-b79c-4bb7-92f6-05f4599b2ee8}</destination>
        </relationship>
    </object>
    <object class="MixerBusEffectChain" id="{52ed9a52-60f9-429c-94c4-b87993a0a359}">
        <relationship name="effects">
            <destination>{370fa2a5-74f4-49b7-8259-adb8f7d3ddf7}</destination>
        </relationship>
    </object>
    <object class="MixerBusPanner" id="{a8230b59-6d2d-42be-b110-77ed5ede744e}"/>
    <object class="MixerBusFader" id="{370fa2a5-74f4-49b7-8259-adb8f7d3ddf7}"/>
</objects>
