<?xml version="1.0" encoding="UTF-8"?>
<objects serializationModel="Studio.01.10.00">
    <object class="EncodingSetting" id="{4bef2040-25e6-44c7-a1f8-ed9eb3cd6fc0}">
        <property name="encodingFormat">
            <value>3</value>
        </property>
        <property name="quality">
            <value>50</value>
        </property>
        <property name="sampleRate">
            <value>44100</value>
        </property>
        <relationship name="platform">
            <destination>{b75c9d94-a6a5-4f8f-8dfb-1bb404b8867f}</destination>
        </relationship>
        <relationship name="encodable">
            <destination>{b75c9d94-a6a5-4f8f-8dfb-1bb404b8867f}</destination>
        </relationship>
    </object>
</objects>
