<?xml version="1.0" encoding="UTF-8"?>
<objects serializationModel="Studio.01.10.00">
    <object class="ParameterPreset" id="{1ba1af67-1269-4d17-b095-a8e6e6f9e831}">
        <property name="name">
            <value>Am</value>
        </property>
        <relationship name="folder">
            <destination>{5e27807b-4c6d-4b77-a13a-05572f73cda1}</destination>
        </relationship>
        <relationship name="parameter">
            <destination>{2935f121-b382-4f02-9789-9c9cca9dc87b}</destination>
        </relationship>
    </object>
    <object class="GameParameter" id="{2935f121-b382-4f02-9789-9c9cca9dc87b}">
        <property name="initialValue">
            <value>0</value>
        </property>
    </object>
</objects>
