<?xml version="1.0" encoding="UTF-8"?>
<objects serializationModel="Studio.01.10.00">
    <object class="ParameterPreset" id="{243f281a-5a4d-4d07-8ec5-3bf4794361a7}">
        <property name="name">
            <value>global_phase1_idle</value>
        </property>
        <relationship name="folder">
            <destination>{5e27807b-4c6d-4b77-a13a-05572f73cda1}</destination>
        </relationship>
        <relationship name="parameter">
            <destination>{61139013-da4c-494f-a6cd-e195da0f99e3}</destination>
        </relationship>
    </object>
    <object class="GameParameter" id="{61139013-da4c-494f-a6cd-e195da0f99e3}">
        <property name="initialValue">
            <value>0</value>
        </property>
    </object>
</objects>
