<?xml version="1.0" encoding="UTF-8"?>
<objects serializationModel="Studio.01.10.00">
    <object class="ParameterPreset" id="{72f2549d-5851-4310-9856-12d3707d3ace}">
        <property name="name">
            <value>melody_attack_tonal</value>
        </property>
        <relationship name="folder">
            <destination>{5e27807b-4c6d-4b77-a13a-05572f73cda1}</destination>
        </relationship>
        <relationship name="parameter">
            <destination>{2660e0eb-f005-43a2-9ca4-933efea04ce3}</destination>
        </relationship>
    </object>
    <object class="GameParameter" id="{2660e0eb-f005-43a2-9ca4-933efea04ce3}">
        <property name="maximum">
            <value>12</value>
        </property>
        <property name="initialValue">
            <value>0</value>
        </property>
    </object>
</objects>
