<?xml version="1.0" encoding="UTF-8"?>
<objects serializationModel="Studio.01.10.00">
    <object class="ParameterPreset" id="{7b39b09f-b2c1-4f46-b982-a8e85be6919c}">
        <property name="name">
            <value>melody_parry_tonal</value>
        </property>
        <relationship name="folder">
            <destination>{5e27807b-4c6d-4b77-a13a-05572f73cda1}</destination>
        </relationship>
        <relationship name="parameter">
            <destination>{b88c7c22-cf17-4048-ae9d-f53dcdb3445b}</destination>
        </relationship>
    </object>
    <object class="GameParameter" id="{b88c7c22-cf17-4048-ae9d-f53dcdb3445b}">
        <property name="maximum">
            <value>12</value>
        </property>
        <property name="initialValue">
            <value>0</value>
        </property>
    </object>
</objects>
