<?xml version="1.0" encoding="UTF-8"?>
<objects serializationModel="Studio.01.10.00">
    <object class="ParameterPreset" id="{8221b116-b5c3-495e-a5df-d9d46b85f641}">
        <property name="name">
            <value>global_dissonance</value>
        </property>
        <relationship name="folder">
            <destination>{5e27807b-4c6d-4b77-a13a-05572f73cda1}</destination>
        </relationship>
        <relationship name="parameter">
            <destination>{c2756011-2bd6-463d-ba4d-dbf7eb5fe148}</destination>
        </relationship>
    </object>
    <object class="GameParameter" id="{c2756011-2bd6-463d-ba4d-dbf7eb5fe148}">
        <property name="initialValue">
            <value>0</value>
        </property>
    </object>
</objects>
