<?xml version="1.0" encoding="UTF-8"?>
<objects serializationModel="Studio.01.10.00">
    <object class="ParameterPreset" id="{8b6e23fe-bedf-4256-b80f-debfcbc1e9b0}">
        <property name="name">
            <value>global_octave</value>
        </property>
        <relationship name="folder">
            <destination>{5e27807b-4c6d-4b77-a13a-05572f73cda1}</destination>
        </relationship>
        <relationship name="parameter">
            <destination>{a048c3fe-64b2-492a-a454-f56bc870f9d4}</destination>
        </relationship>
    </object>
    <object class="GameParameter" id="{a048c3fe-64b2-492a-a454-f56bc870f9d4}">
        <property name="maximum">
            <value>7</value>
        </property>
        <property name="initialValue">
            <value>0</value>
        </property>
    </object>
</objects>
