<?xml version="1.0" encoding="UTF-8"?>
<objects serializationModel="Studio.01.10.00">
    <object class="ParameterPreset" id="{a7faf8da-9e75-4603-b2a6-4e4ee642533a}">
        <property name="name">
            <value>global_dissonance_idle</value>
        </property>
        <relationship name="folder">
            <destination>{5e27807b-4c6d-4b77-a13a-05572f73cda1}</destination>
        </relationship>
        <relationship name="parameter">
            <destination>{2ab4f430-cc98-42f0-b3b7-d05778b2ef47}</destination>
        </relationship>
    </object>
    <object class="GameParameter" id="{2ab4f430-cc98-42f0-b3b7-d05778b2ef47}">
        <property name="initialValue">
            <value>0</value>
        </property>
    </object>
</objects>
