<?xml version="1.0" encoding="UTF-8"?>
<objects serializationModel="Studio.01.10.00">
    <object class="ParameterPreset" id="{af9fd18f-15e4-4597-b5d3-5e15d5a2fb59}">
        <property name="name">
            <value>global_fight_outro</value>
        </property>
        <relationship name="folder">
            <destination>{5e27807b-4c6d-4b77-a13a-05572f73cda1}</destination>
        </relationship>
        <relationship name="parameter">
            <destination>{15b52c1e-2d35-4524-92d8-8aaaa1a37e53}</destination>
        </relationship>
    </object>
    <object class="GameParameter" id="{15b52c1e-2d35-4524-92d8-8aaaa1a37e53}">
        <property name="initialValue">
            <value>0</value>
        </property>
    </object>
</objects>
