<?xml version="1.0" encoding="UTF-8"?>
<objects serializationModel="Studio.01.10.00">
    <object class="ParameterPreset" id="{b0dd67f0-da00-4c11-817b-00d428c5b0e9}">
        <property name="name">
            <value>melody_parry_chord</value>
        </property>
        <relationship name="folder">
            <destination>{5e27807b-4c6d-4b77-a13a-05572f73cda1}</destination>
        </relationship>
        <relationship name="parameter">
            <destination>{97e4d6cd-d650-4f63-a9b7-341f1eea940f}</destination>
        </relationship>
    </object>
    <object class="GameParameter" id="{97e4d6cd-d650-4f63-a9b7-341f1eea940f}">
        <property name="maximum">
            <value>24</value>
        </property>
        <property name="initialValue">
            <value>0</value>
        </property>
    </object>
</objects>
