<?xml version="1.0" encoding="UTF-8"?>
<objects serializationModel="Studio.01.10.00">
    <object class="ParameterPreset" id="{c44531b2-f038-48bf-99c3-e186ff7e16ac}">
        <property name="name">
            <value>global_phase1</value>
        </property>
        <relationship name="folder">
            <destination>{5e27807b-4c6d-4b77-a13a-05572f73cda1}</destination>
        </relationship>
        <relationship name="parameter">
            <destination>{85b4abaa-b254-49ea-9dc6-7ef192ceb134}</destination>
        </relationship>
    </object>
    <object class="GameParameter" id="{85b4abaa-b254-49ea-9dc6-7ef192ceb134}">
        <property name="initialValue">
            <value>0</value>
        </property>
    </object>
</objects>
