<?xml version="1.0" encoding="UTF-8"?>
<objects serializationModel="Studio.01.10.00">
    <object class="ParameterPreset" id="{dcd04928-ab31-4a0f-b4a1-231e6255e3b8}">
        <property name="name">
            <value>knockout</value>
        </property>
        <relationship name="folder">
            <destination>{5e27807b-4c6d-4b77-a13a-05572f73cda1}</destination>
        </relationship>
        <relationship name="parameter">
            <destination>{3317cfae-8e78-4ef9-bb49-faa301048d9a}</destination>
        </relationship>
    </object>
    <object class="GameParameter" id="{3317cfae-8e78-4ef9-bb49-faa301048d9a}">
        <property name="initialValue">
            <value>0</value>
        </property>
    </object>
</objects>
